"Name";"Photo";"AdmArea";"District";"Location";"RegistrationNumber";"State";"LocationType";"global_id";"geodata_center";"geoarea";
"Название объекта";"Фотография";"Административный округ по адресу";"Район";"Месторасположение";"Государственный регистрационный знак";"Состояние регистрации";"Тип места расположения";"global_id";"geodata_center";"geoarea";
"FX SIMULATION X2";"bd5f4bcd-362e-4ac3-a4ae-f96d56007584";"Южный административный округ";"район Чертаново Северное";"ТРЦ «ГЛОБАЛ СИТИ»";"0262-77";"аттракцион зарегистрирован";"торгово-развлекательный комплекс";"2386886319";"";"";
"СКОРОСТНАЯ ДОРОГА LONATO KARTING";"33f8f7a5-c7c7-4767-8c31-161790f987da";"Южный административный округ";"Нагорный район";"LONATO KARTING";"2418-77";"аттракцион зарегистрирован";"торгово-развлекательный комплекс";"2387014171";"";"";
"OCTOPUS RIDE";"42bdc4cf-9696-4a1a-b84e-5955591fb42a";"Южный административный округ";"район Нагатинский Затон";"ТЕМАТИЧЕСКИЙ ПАРК РАЗВЛЕЧЕНИЙ ОСТРОВ МЕЧТЫ";"2201-77";"аттракцион зарегистрирован";"торгово-развлекательный комплекс";"2386835262";"";"";
"SWIRLING CUPCAKES";"7fdae3dd-cedb-4091-86fd-d3ed14e082c0";"Южный административный округ";"район Нагатинский Затон";"ТЕМАТИЧЕСКИЙ ПАРК РАЗВЛЕЧЕНИЙ ОСТРОВ МЕЧТЫ";"2202-77";"аттракцион зарегистрирован";"торгово-развлекательный комплекс";"2386835263";"";"";
"FLYING AIRPLANE 14 (КАРУСЕЛЬ ПТЕРОДАКТИЛИ)";"d9a87645-f024-49a9-9320-4f71a7aa2ac5";"Южный административный округ";"район Нагатинский Затон";"ТЕМАТИЧЕСКИЙ ПАРК РАЗВЛЕЧЕНИЙ ОСТРОВ МЕЧТЫ";"2207-77";"аттракцион зарегистрирован";"торгово-развлекательный комплекс";"2386835264";"";"";
"DROP TOWER 25MT";"55eafdc6-9b6e-4a51-a6fc-d90da9666260";"Южный административный округ";"район Чертаново Северное";"ТРЦ «ГЛОБАЛ СИТИ»";"0256-77";"аттракцион зарегистрирован";"торгово-развлекательный комплекс";"2386886321";"";"";
"«FARMER SMURFS WINDMILL» («КОЛЕСО ОБОЗРЕНИЯ 8 МЕТРОВ»)";"071f69f8-b939-43cf-8568-0c73b77f76f9";"Южный административный округ";"район Нагатинский Затон";"ТЕМАТИЧЕСКИЙ ПАРК РАЗВЛЕЧЕНИЙ ОСТРОВ МЕЧТЫ";"2389-77";"аттракцион зарегистрирован";"торгово-развлекательный комплекс";"2386975264";"";"";
"JUNGLE CARROUSEL";"51e47a86-d988-4fef-b013-4e13db775315";"Южный административный округ";"район Орехово-Борисово Северное";"ТЦ КАШИРСКАЯ ПЛАЗА";"2238-77";"аттракцион зарегистрирован";"торгово-развлекательный комплекс";"2386835267";"";"";
"FLYING TIGERS 8";"2a2f3b0f-9986-4fe9-ad52-a741c23a00d9";"Южный административный округ";"район Нагатинский Затон";"ТЕМАТИЧЕСКИЙ ПАРК РАЗВЛЕЧЕНИЙ ОСТРОВ МЕЧТЫ";"2376-77";"аттракцион зарегистрирован";"торгово-развлекательный комплекс";"2386975254";"";"";
"U2 MIRAGE";"89e81524-f540-41db-b288-94820f8fd849";"Южный административный округ";"район Чертаново Северное";"ТРЦ «ГЛОБАЛ СИТИ»";"0257-77";"аттракцион зарегистрирован";"торгово-развлекательный комплекс";"2386975253";"";"";
"MOVIE BASE XS («ЛЕТАЮЩИЙ ТЕАТР»)";"594028bf-b8c0-429c-8e7d-30c82f09355f";"Южный административный округ";"район Нагатинский Затон";"ТЕМАТИЧЕСКИЙ ПАРК РАЗВЛЕЧЕНИЙ ОСТРОВ МЕЧТЫ";"2319-77";"аттракцион зарегистрирован";"торгово-развлекательный комплекс";"2386835269";"";"";
"СПЕЙС РИФТ 2Х";"4f4b1fb8-0564-4568-acab-9b690646cda0";"Южный административный округ";"район Нагатино-Садовники";"ТРЦ «НОРА»";"2324-77";"аттракцион зарегистрирован";"торгово-развлекательный комплекс";"2386835270";"";"";
"VENETIAN CAROUSEL MERRY GO ROUND";"d282d288-007b-48c7-9d6d-e0f6f50384d0";"Южный административный округ";"район Нагатинский Затон";"ТЕМАТИЧЕСКИЙ ПАРК РАЗВЛЕЧЕНИЙ ОСТРОВ МЕЧТЫ";"2367-77";"аттракцион зарегистрирован";"торгово-развлекательный комплекс";"2386975250";"";"";
"«ЛЕТНАЯ ШКОЛА» («SKY FLY»)";"452f14a1-13fe-4f38-910d-b52990527ab1";"Южный административный округ";"район Нагатинский Затон";"ТЕМАТИЧЕСКИЙ ПАРК РАЗВЛЕЧЕНИЙ ОСТРОВ МЕЧТЫ";"0285-77";"аттракцион зарегистрирован";"торгово-развлекательный комплекс";"2386886271";"";"";
"«МОЛОТ СУДЬБЫ» («MAXI DANCE PARTY 32»)";"37ce31bb-7f62-4b3b-9d45-a26cfe4477fa";"Южный административный округ";"район Нагатинский Затон";"ТЕМАТИЧЕСКИЙ ПАРК РАЗВЛЕЧЕНИЙ ОСТРОВ МЕЧТЫ";"0287-77";"аттракцион зарегистрирован";"торгово-развлекательный комплекс";"2386886273";"";"";
"«ПОЮЩАЯ КАРУСЕЛЬ» («CIRCUS SWING»)";"27c0fd3a-e422-4d09-b71c-ad28c5354026";"Южный административный округ";"район Нагатинский Затон";"ТЕМАТИЧЕСКИЙ ПАРК РАЗВЛЕЧЕНИЙ ОСТРОВ МЕЧТЫ";"0288-77";"аттракцион зарегистрирован";"торгово-развлекательный комплекс";"2386886276";"";"";
"MAGIC BIKES 8";"2796a92f-ecef-4b0e-ba33-1ea3ceda7255";"Южный административный округ";"район Нагатинский Затон";"ТЕМАТИЧЕСКИЙ ПАРК РАЗВЛЕЧЕНИЙ ОСТРОВ МЕЧТЫ";"0294-77";"аттракцион зарегистрирован";"торгово-развлекательный комплекс";"2386886278";"";"";
"NEBULAZ";"a2dd0f0e-01ba-4132-bba6-12d2394de877";"Южный административный округ";"район Нагатинский Затон";"ТЕМАТИЧЕСКИЙ ПАРК РАЗВЛЕЧЕНИЙ ОСТРОВ МЕЧТЫ";"2332-77";"аттракцион зарегистрирован";"торгово-развлекательный комплекс";"2386886291";"";"";
"KITE FLYER 12";"47ceb856-1b88-4570-b60c-8b17a6334b20";"Южный административный округ";"район Нагатинский Затон";"ТЕМАТИЧЕСКИЙ ПАРК РАЗВЛЕЧЕНИЙ ОСТРОВ МЕЧТЫ";"2336-77";"аттракцион зарегистрирован";"торгово-развлекательный комплекс";"2386886299";"";"";
"JUMP AROUND 6";"6f2300cb-3d42-44b5-8a5b-1593ff035e86";"Южный административный округ";"район Нагатинский Затон";"ТЕМАТИЧЕСКИЙ ПАРК РАЗВЛЕЧЕНИЙ ОСТРОВ МЕЧТЫ";"2337-77";"аттракцион зарегистрирован";"торгово-развлекательный комплекс";"2386886303";"";"";
"JUMPIN STAR";"a99da2cc-76ee-4c34-bab3-ec531cca5fb1";"Южный административный округ";"район Нагатинский Затон";"ТЕМАТИЧЕСКИЙ ПАРК РАЗВЛЕЧЕНИЙ ОСТРОВ МЕЧТЫ";"2338-77";"аттракцион зарегистрирован";"торгово-развлекательный комплекс";"2386886306";"";"";
"SUPER HAPPY SWING";"7c6951b5-2c6d-48bf-aed2-46216865a074";"Южный административный округ";"район Нагатинский Затон";"ТЕМАТИЧЕСКИЙ ПАРК РАЗВЛЕЧЕНИЙ ОСТРОВ МЕЧТЫ";"2339-77";"аттракцион зарегистрирован";"торгово-развлекательный комплекс";"2386886309";"";"";
"AIR FORCE";"103c47df-017f-404f-9f75-1a6951dbd0e3";"Южный административный округ";"район Чертаново Северное";"ТРЦ «ГЛОБАЛ СИТИ»";"0249-77";"аттракцион зарегистрирован";"торгово-развлекательный комплекс";"2386886315";"";"";
"WIND STAR Z";"5d79da84-5ebb-4320-8681-0e6643f7ff12";"Южный административный округ";"район Нагатинский Затон";"ТЕМАТИЧЕСКИЙ ПАРК РАЗВЛЕЧЕНИЙ ОСТРОВ МЕЧТЫ";"2200-77";"аттракцион зарегистрирован";"торгово-развлекательный комплекс";"2386835261";"";"";
"3D-TOWER 24 MT («МЕДИА БАШНЯ ПАДЕНИЯ»)";"bd11b48f-efe0-43e3-aa57-621af31f4b77";"Южный административный округ";"район Нагатинский Затон";"ТЕМАТИЧЕСКИЙ ПАРК РАЗВЛЕЧЕНИЙ ОСТРОВ МЕЧТЫ";"2258-77";"аттракцион зарегистрирован";"торгово-развлекательный комплекс";"2386835266";"";"";
"«ЛЕДЯНАЯ КАРУСЕЛЬ» («FLYNG SWINGER 64»)";"7ebb9290-ae0a-437d-831e-30d2924ac73d";"Южный административный округ";"район Нагатинский Затон";"ТЕМАТИЧЕСКИЙ ПАРК РАЗВЛЕЧЕНИЙ ОСТРОВ МЕЧТЫ";"0282-77";"аттракцион зарегистрирован";"торгово-развлекательный комплекс";"2386772632";"";"";
"DOG UP";"14161758-bb58-4148-b223-db1728d1a1dd";"Южный административный округ";"район Москворечье-Сабурово";"ТЦ КАШИРСКАЯ ПЛАЗА";"0147-77";"аттракцион зарегистрирован";"торгово-развлекательный комплекс";"1060227345";"";"";
"АТТРАКЦИОН МОРСКАЯ РАКУШКА/SEASHELL SLIDE, MT-SXS0033";"745924b4-c607-43b1-841f-52adf47b3ca0";"Южный административный округ";"район Нагатинский Затон";"ТЕМАТИЧЕСКИЙ ПАРК РАЗВЛЕЧЕНИЙ ОСТРОВ МЕЧТЫ";"2484-77";"аттракцион зарегистрирован";"торгово-развлекательный комплекс";"2591918626";"";"";
"АТТРАКЦИОН СЛОН / ELEPHANT SLIDE, MT-SXS0040";"912faeb5-ad6d-44ce-90fc-36ed489f97b8";"Южный административный округ";"район Нагатинский Затон";"ТЕМАТИЧЕСКИЙ ПАРК РАЗВЛЕЧЕНИЙ ОСТРОВ МЕЧТЫ";"2485-77";"аттракцион зарегистрирован";"торгово-развлекательный комплекс";"2591918627";"";"";
"«GARGAMELS TOWER DROP-TWIST TOWER (БАШНЯ ПАДЕНИЯ 8 М)»";"d7964051-e1ec-4d67-a9a0-70e39df940ba";"Южный административный округ";"район Нагатинский Затон";"ТЕМАТИЧЕСКИЙ ПАРК РАЗВЛЕЧЕНИЙ ОСТРОВ МЕЧТЫ";"0297-77";"аттракцион зарегистрирован";"торгово-развлекательный комплекс";"2386835259";"";"";
"«ВЕРЕВОЧНАЯ СЕМЕЙНАЯ БАШНЯ» («ROPE FAMILY TOWER»)";"e8b902f4-5aed-4e75-b128-84534eb839b5";"Южный административный округ";"район Нагатинский Затон";"ТЕМАТИЧЕСКИЙ ПАРК РАЗВЛЕЧЕНИЙ ОСТРОВ МЕЧТЫ";"0283-77";"аттракцион зарегистрирован";"торгово-развлекательный комплекс";"2386772633";"";"";
"«TOP SPIN SUSPENDED» («ХРАМ ОГНЯ»)";"6909af76-67ba-4edc-994e-64dc7e0650ac";"Южный административный округ";"район Нагатинский Затон";"ТЕМАТИЧЕСКИЙ ПАРК РАЗВЛЕЧЕНИЙ ОСТРОВ МЕЧТЫ";"0284-77";"аттракцион зарегистрирован";"торгово-развлекательный комплекс";"2386772634";"";"";
"ES V5.00.0000.00 EXO-JET 5.0";"a5ecd7c2-6594-4ec7-8225-eed5ac87459a";"Южный административный округ";"район Нагатинский Затон";"ТЕМАТИЧЕСКИЙ ПАРК РАЗВЛЕЧЕНИЙ ОСТРОВ МЕЧТЫ";"2417-77";"аттракцион зарегистрирован";"торгово-развлекательный комплекс";"2389720290";"";"";
"АТТРАКЦИОН МОРЕПЛАВАТЕЛИ/SAILING SERIES. MT-SL-0069";"f021b678-ddac-4334-8854-f6f699d90f5a";"Южный административный округ";"район Нагатинский Затон";"ТЕМАТИЧЕСКИЙ ПАРК РАЗВЛЕЧЕНИЙ ОСТРОВ МЕЧТЫ";"2487-77";"аттракцион зарегистрирован";"торгово-развлекательный комплекс";"2591918629";"";"";
"ВОДНАЯ ИГРОВАЯ ПЛОЩАДКА/WATER PLAYHOUSE. MSW401";"9e218434-14a0-448c-a541-caf27e15b2e1";"Южный административный округ";"район Нагатинский Затон";"ТЕМАТИЧЕСКИЙ ПАРК РАЗВЛЕЧЕНИЙ ОСТРОВ МЕЧТЫ";"2486-77";"аттракцион зарегистрирован";"торгово-развлекательный комплекс";"2591918630";"";"";
"LSM DARK COASTER";"9c12a212-dfda-4f83-919d-97314eb75815";"Южный административный округ";"район Нагатинский Затон";"ТЕМАТИЧЕСКИЙ ПАРК РАЗВЛЕЧЕНИЙ ОСТРОВ МЕЧТЫ";"0113-77";"аттракцион зарегистрирован";"торгово-развлекательный комплекс";"1060227344";"";"";
"5D КИНОТЕАТР";"8ebe283d-2f21-4adc-bc0c-5a336793dce5";"Южный административный округ";"район Чертаново Южное";"ТЦ ПРАГА";"2450-77";"аттракцион зарегистрирован";"торгово-развлекательный комплекс";"2580847287";"";"";
"АВИАСИМУЛЯТОР АИРБАС А320";"c82817b3-a12d-4fa3-9398-4612b9f68998";"Южный административный округ";"Даниловский район";"ТРЦ «РИВЬЕРА»";"0211-77";"аттракцион зарегистрирован";"торгово-развлекательный комплекс";"1060204978";"";"";
"АВИАСИМУЛЯТОР БОИНГ 737";"bda7f7da-e5ba-466e-a78a-5a5e8aacbac7";"Южный административный округ";"Даниловский район";"ТРЦ «РИВЬЕРА»";"0210-77";"аттракцион зарегистрирован";"торгово-развлекательный комплекс";"1060204973";"";"";
"АВИАСИМУЛЯТОР EXTRINO 737";"1c24a4e5-b5f5-4fcc-a3f1-df8a8e3c8b03";"Южный административный округ";"район Чертаново Центральное";"ТРЦ «COLUMBUS»";"0241-77";"аттракцион зарегистрирован";"торгово-развлекательный комплекс";"2386835249";"";"";
"КАРТОДРОМ BLACKSTARKARTING";"9ec8cb12-1852-4ba8-a2dd-e17b0243819a";"Южный административный округ";"Даниловский район";"ТРЦ «РИВЬЕРА»";"2425-77";"аттракцион зарегистрирован";"торгово-развлекательный комплекс";"2389451290";"";"";
"MEGA DISKO 40";"7874a2b0-cd42-4242-8c58-f6b035850453";"Южный административный округ";"район Нагатинский Затон";"ТЕМАТИЧЕСКИЙ ПАРК РАЗВЛЕЧЕНИЙ ОСТРОВ МЕЧТЫ";"0281-77";"аттракцион зарегистрирован";"торгово-развлекательный комплекс";"2386835253";"";"";
"«POWER MOUSE 30X20 METERS» («СЕМЕЙНАЯ КАТАЛЬНАЯ ГОРА»)";"cb59e242-c9e6-4ebd-a4bb-d7a3c23009cc";"Южный административный округ";"район Нагатинский Затон";"ТЕМАТИЧЕСКИЙ ПАРК РАЗВЛЕЧЕНИЙ ОСТРОВ МЕЧТЫ";"0286-77";"аттракцион зарегистрирован";"торгово-развлекательный комплекс";"2386835255";"";"";
"5D КИНОТЕАТР";"411cad70-35f9-40c6-9717-90d6dc5867c5";"Южный административный округ";"район Нагатино-Садовники";"ТРЦ «НОРА»";"0170-77";"аттракцион зарегистрирован";"торгово-развлекательный комплекс";"1060227346";"";"";
"BLACK HOLE ENCLOSED SLIDE GAT";"9683e16a-2367-4092-93c9-b365e7186980";"Юго-Западный административный округ";"район Ясенево";"АКВАПАРК МОРИОН";"2353-77";"аттракцион зарегистрирован";"торгово-развлекательный комплекс";"2386886340";"";"";
"SLIDE SPACE BOWL AT";"b206c917-ba30-4429-bcbb-14d71d7630c4";"Юго-Западный административный округ";"район Ясенево";"АКВАПАРК МОРИОН";"2352-77";"аттракцион зарегистрирован";"торгово-развлекательный комплекс";"2386886337";"";"";
"INNER TUBE ENCLOSED SLIDE GAT";"0f4138f0-052c-488a-a20c-6f32f8b4b11f";"Юго-Западный административный округ";"район Ясенево";"АКВАПАРК МОРИОН";"2351-77";"аттракцион зарегистрирован";"торгово-развлекательный комплекс";"2386886333";"";"";
"5D КИНОТЕАТР";"279b8a43-2b7b-44cf-8c24-8000c4633949";"Юго-Западный административный округ";"Гагаринский район";"ТЦ «ТРИУМФАЛЬНЫЙ»";"0171-77";"аттракцион зарегистрирован";"торгово-развлекательный комплекс";"1060227347";"";"";
"СКОРОСТНАЯ ДОРОГА С МИНИ-АВТОМОБИЛЯМИ МОДЕЛЕЙ STORM PROKART EFD, STORM PROKART EFD DUO, JUNIOR MY17";"41aa3f08-1cad-46eb-bece-54ab852377ea";"Юго-Западный административный округ";"район Котловка";"ТЦ «КАПИТОЛИЙ СЕВАСТОПОЛЬСКИЙ»";"0272-77";"аттракцион зарегистрирован";"торгово-развлекательный комплекс";"2386772630";"";"";
"BODY SLIDE ENCLOSED SLIDE AT";"69187451-e3a4-4476-8c8b-87cad0fcabbb";"Юго-Западный административный округ";"район Ясенево";"АКВАПАРК МОРИОН";"2378-77";"аттракцион зарегистрирован";"торгово-развлекательный комплекс";"2386975256";"";"";
"МИНИ КРЫЛО";"58039bb6-a147-48a2-86e0-c8cf57f8c4a1";"Юго-Западный административный округ";"район Ясенево";"АКВАПАРК МОРИОН";"2379-77";"аттракцион зарегистрирован";"торгово-развлекательный комплекс";"2386975257";"";"";
"BODY SLIDE RAMP SLIDE RM";"b0786e50-2ef5-4571-a905-dffa79ef9db9";"Юго-Западный административный округ";"район Ясенево";"АКВАПАРК МОРИОН";"2380-77";"аттракцион зарегистрирован";"торгово-развлекательный комплекс";"2386975258";"";"";
"ГИДРОТРУБА 1";"1a2bafef-3337-4df1-8f06-f5d538d378fc";"Юго-Западный административный округ";"район Ясенево";"АКВАПАРК МОРИОН";"2381-77";"аттракцион зарегистрирован";"торгово-развлекательный комплекс";"2386975259";"";"";
"ТОБОГГАН";"89a3b9cc-383e-4dff-b08e-6bdc7e8c7caf";"Юго-Западный административный округ";"район Ясенево";"АКВАПАРК МОРИОН";"2382-77";"аттракцион зарегистрирован";"торгово-развлекательный комплекс";"2386975260";"";"";
"ДЕТСКИЙ ГОРОДОК АР150 ТВ CUSTOM PIRATE BOAT THEME AQUA SPRAY TOYS";"78f92eb4-1941-4f83-bc8b-e7cde235fafc";"Юго-Западный административный округ";"район Ясенево";"АКВАПАРК МОРИОН";"2383-77";"аттракцион зарегистрирован";"торгово-развлекательный комплекс";"2386975261";"";"";
"ЭКСТРИМ ТРУБА";"f73de8be-34f1-4baa-9a4c-55ba600219dd";"Юго-Западный административный округ";"район Ясенево";"АКВАПАРК МОРИОН";"2384-77";"аттракцион зарегистрирован";"торгово-развлекательный комплекс";"2386975262";"";"";
"ГИДРОТРУБА 2";"d2d14c6b-9d4a-4747-a0c3-fc5bec9d1c83";"Юго-Западный административный округ";"район Ясенево";"АКВАПАРК МОРИОН";"2385-77";"аттракцион зарегистрирован";"торгово-развлекательный комплекс";"2386975263";"";"";
"ДИНАМИЧЕСКАЯ ПЛАТФОРМА EP 4VR ST";"9c2a9b4e-7596-4f7d-a4da-d86d57c821e6";"Юго-Восточный административный округ";"район Марьино";"ТРК «MARI»";"2333-77";"аттракцион зарегистрирован";"торгово-развлекательный комплекс";"2386886293";"";"";
"МОУШН СФЕРА";"6271a285-d5af-446d-aa40-6da5d236b55f";"Юго-Восточный административный округ";"район Марьино";"ТРК «MARI»";"0296-77";"аттракцион зарегистрирован";"торгово-развлекательный комплекс";"2386835260";"";"";
"ДИНАМИЧЕСКАЯ ПЛАТФОРМА 3Д5";"f7ad3254-2ba2-4c01-85dd-23a832c5dd98";"Юго-Восточный административный округ";"Южнопортовый район";"ТРЦ «МОЗАИКА»";"0201-77";"аттракцион зарегистрирован";"торгово-развлекательный комплекс";"1060204967";"";"";
"ГОРКА ВОДНАЯ БАРАКУДА";"609fd767-74ce-47da-b4e5-a76c58d83abc";"Юго-Восточный административный округ";"район Марьино";"АКВАПАРК ФЭНТАЗИ";"2421-77";"аттракцион зарегистрирован";"торгово-развлекательный комплекс";"2387014181";"";"";
"СКОРОСТНАЯ ДОРОГА С МИНИ-АВТОМОБИЛЯМИ МОДЕЛЕЙ SODI RT8, SODI LR5, 2Х МЕСТНЫЙ ДУЭТ, DINO RENTAL, МИКС КАРТ СПОРТ";"809f7bbb-5f39-4a12-8a86-2c8016ad4448";"Юго-Восточный административный округ";"Южнопортовый район";"MIKS KARTING";"2449-77";"аттракцион зарегистрирован";"торгово-развлекательный комплекс";"2578088510";"";"";
"КАРТИНГ ЦТВС МОСКВА";"c5aa961b-3edc-47cc-b1c1-fbdbf807ee19";"Юго-Восточный административный округ";"район Печатники";"ЦЕНТР ТЕХНИЧЕСКИХ ВИДОВ СПОРТА МОСКВА";"2444-77";"аттракцион зарегистрирован";"торгово-развлекательный комплекс";"2507690399";"";"";
"ВИРТУАЛЬНЫЙ СИМУЛЯТОР F-3";"d820d39f-b8a3-4c95-aed1-8d5d1f85a5d1";"Юго-Восточный административный округ";"район Лефортово";"ТРЦ «ГОРОД»";"2436-77";"аттракцион зарегистрирован";"торгово-развлекательный комплекс";"2426355818";"";"";
"ГОРКА ВОДНАЯ КАМИКАДЗЕ";"c3d13a83-8768-48f6-a48d-6eb2e282934e";"Юго-Восточный административный округ";"район Марьино";"АКВАПАРК ФЭНТАЗИ";"2423-77";"аттракцион зарегистрирован";"торгово-развлекательный комплекс";"2387014189";"";"";
"ГОРКА ВОДНАЯ ТАБОГАН";"8d32d8b4-ad74-4ff1-81e7-29fa5efeb55e";"Юго-Восточный административный округ";"район Марьино";"АКВАПАРК ФЭНТАЗИ";"2422-77";"аттракцион зарегистрирован";"торгово-развлекательный комплекс";"2387014186";"";"";
"ГОРКА ВОДНАЯ ФЕНТАЗИ";"46153a2d-f4e9-4ce0-862d-b8741c51b093";"Юго-Восточный административный округ";"район Марьино";"АКВАПАРК ФЭНТАЗИ";"2420-77";"аттракцион зарегистрирован";"торгово-развлекательный комплекс";"2387014175";"";"";
"КАРТИНГ «E-GO KARTING»";"74aef313-3654-43f9-b550-4bf027cc3b97";"Юго-Восточный административный округ";"район Лефортово";"ТРЦ СПОРТЕХ";"2413-77";"аттракцион зарегистрирован";"торгово-развлекательный комплекс";"2387014166";"";"";
"«МАСТЕР БЛАСТЕР/ КОНСТРИКТОР/ СУПЕР БОУЛ АА»";"5566137f-5845-4d25-b339-8b2409fbe507";"Центральный административный округ";"район Хамовники";"АКВАКОМПЛЕКС ЛУЖНИКИ";"2364-77";"аттракцион зарегистрирован";"торгово-развлекательный комплекс";"2386975249";"";"";
"АВИАСИМУЛЯТОР EXTRINO 737";"f41aa6b2-0317-450f-a8b0-4b90b13d585e";"Центральный административный округ";"Пресненский район";"ТРЦ «АФИМОЛЛ СИТИ»";"0186-77";"аттракцион зарегистрирован";"торгово-развлекательный комплекс";"1060227350";"";"";
"6D OF 3 SCREEN RACING";"38ce588a-f96f-44a3-8aaf-978dcf870d2d";"Центральный административный округ";"Мещанский район";"ТЦ «ЦЕНТРАЛЬНЫЙ ДЕТСКИЙ МАГАЗИН»";"0228-77";"регистрация аттракциона приостановлена";"торгово-развлекательный комплекс";"2386772616";"";"";
"360 KING KONG VR";"7d626802-305a-4875-aead-15e8abef83fc";"Центральный административный округ";"Мещанский район";"ТЦ «ЦЕНТРАЛЬНЫЙ ДЕТСКИЙ МАГАЗИН»";"0229-77";"регистрация аттракциона приостановлена";"торгово-развлекательный комплекс";"2386772617";"";"";
"АВИАСИМУЛЯТОР EXTRINO 320";"7fa38828-2e8c-4fb4-93d5-b9343314c267";"Центральный административный округ";"Пресненский район";"ТРЦ «АФИМОЛЛ СИТИ»";"0243-77";"аттракцион зарегистрирован";"торгово-развлекательный комплекс";"2386835251";"";"";
"СКОРОСТНАЯ ДОРОГА С МИНИ-АВТОМОБИЛЯМИ «ЛЕМАН СИТИ»";"c369317d-d236-4290-84a0-88e1ed7fbf34";"Центральный административный округ";"Пресненский район";"ЛЕМАН СИТИ";"2404-77";"аттракцион зарегистрирован";"торгово-развлекательный комплекс";"2387014156";"";"";
"МУЛЬТИ СЛАЙД (MULTI SLIDE)";"62e4f8a0-eec5-42a1-a450-98a39a9c8c54";"Центральный административный округ";"Тверской район";"АКВАПАРК КАРИБИЯ";"2369-77";"аттракцион зарегистрирован";"торгово-развлекательный комплекс";"2386975252";"";"";
"ТУННЕЛЬ ФРИ ФОЛЛ (TUNNEL FREE FALL)";"c1f0e302-9046-4f87-b60f-51fed50d65d1";"Центральный административный округ";"Тверской район";"АКВАПАРК КАРИБИЯ";"2368-77";"аттракцион зарегистрирован";"торгово-развлекательный комплекс";"2386975251";"";"";
"ВОДНАЯ ГОРКА BODY SLIDE";"839f66b0-e740-4024-8fea-f48e618dcb40";"Центральный административный округ";"Тверской район";"АКВАПАРК КАРИБИЯ";"2347-77";"аттракцион зарегистрирован";"торгово-развлекательный комплекс";"2386886327";"";"";
"«ВОДНАЯ ТРУБА (AQUATUBE SLIDE) AH»";"cca788f6-379f-4c79-9f92-d798007d8699";"Центральный административный округ";"район Хамовники";"АКВАКОМПЛЕКС ЛУЖНИКИ";"2363-77";"аттракцион зарегистрирован";"торгово-развлекательный комплекс";"2386975248";"";"";
"«АКВАТРУБА РА»";"497eebe7-a0c2-408a-9836-6fbe07453081";"Центральный административный округ";"район Хамовники";"АКВАКОМПЛЕКС ЛУЖНИКИ";"2359-77";"аттракцион зарегистрирован";"торгово-развлекательный комплекс";"2386975244";"";"";
"ВОДНАЯ ГОРКА BLACK HOLE";"7ffb458b-8999-4488-9962-82173242ddde";"Центральный административный округ";"Тверской район";"АКВАПАРК КАРИБИЯ";"2348-77";"аттракцион зарегистрирован";"торгово-развлекательный комплекс";"2386886330";"";"";
"«ВОДНАЯ ТРУБА (AQUATUBE SLIDE) AB»";"843239df-68f9-4353-97a5-f775b7f43ac1";"Центральный административный округ";"район Хамовники";"АКВАКОМПЛЕКС ЛУЖНИКИ";"2354-77";"аттракцион зарегистрирован";"торгово-развлекательный комплекс";"2386886344";"";"";
"ЗИМНЯЯ ГОРКА KIDWILL";"da8600d6-3e49-4783-98cf-60edc78b8058";"Центральный административный округ";"Басманный район";"ТЕРРИТОРИЯ ЦЕНТРА СОВРЕМЕННОГО ИСКУССТВА ВИНЗАВОД";"2340-77";"регистрация аттракциона приостановлена";"торгово-развлекательный комплекс";"2386886312";"";"";
"«АКВАСФЕРА (AQUASPHERE) AD»";"ed4102d8-3426-484c-9176-c1394adade58";"Центральный административный округ";"район Хамовники";"АКВАКОМПЛЕКС ЛУЖНИКИ";"2355-77";"аттракцион зарегистрирован";"торгово-развлекательный комплекс";"2386975240";"";"";
"«СЛАЙДБОУРДИНГ (SLIDEBOARDING) АС»";"eb689236-21eb-45c4-8e3d-ffee88d6a2e3";"Центральный административный округ";"район Хамовники";"АКВАКОМПЛЕКС ЛУЖНИКИ";"2362-77";"аттракцион зарегистрирован";"торгово-развлекательный комплекс";"2386975247";"";"";
"«ВОДНАЯ ТРУБА (AQUATUBE SLIDE) AG»";"2e0d6748-d357-445e-ae7f-003d8ca4d215";"Центральный административный округ";"район Хамовники";"АКВАКОМПЛЕКС ЛУЖНИКИ";"2357-77";"аттракцион зарегистрирован";"торгово-развлекательный комплекс";"2386975242";"";"";
"«ВОДНАЯ ТРУБА (AQUATUBE SLIDE) AJ»";"b45a1f6f-0059-471e-86ab-b3c3f3ec900a";"Центральный административный округ";"район Хамовники";"АКВАКОМПЛЕКС ЛУЖНИКИ";"2358-77";"аттракцион зарегистрирован";"торгово-развлекательный комплекс";"2386975243";"";"";
"КАРУСЕЛЬ";"7a7ae3de-2a9f-401f-a6b1-58e9a40dcfa6";"Центральный административный округ";"Тверской район";"ГОСТИНЫЙ ДВОР";"2334-77";"аттракцион зарегистрирован";"торгово-развлекательный комплекс";"2386886296";"";"";
"«ПУЛСАЙДЕР (POOLSIDER) AE»";"24892a6b-2bf3-455d-a5fb-e88315d23a6b";"Центральный административный округ";"район Хамовники";"АКВАКОМПЛЕКС ЛУЖНИКИ";"2356-77";"аттракцион зарегистрирован";"торгово-развлекательный комплекс";"2386975241";"";"";
"«МЕРТВАЯ ПЕТЛЯ (AQUALOOP) AI»";"13366941-4dc9-447f-9fbe-36226ec73967";"Центральный административный округ";"район Хамовники";"АКВАКОМПЛЕКС ЛУЖНИКИ";"2361-77";"аттракцион зарегистрирован";"торгово-развлекательный комплекс";"2386975246";"";"";
"«МИНИ МУЛЬТИ РB»";"ed75a51b-df17-4ca6-9405-483233acf27c";"Центральный административный округ";"район Хамовники";"АКВАКОМПЛЕКС ЛУЖНИКИ";"2360-77";"аттракцион зарегистрирован";"торгово-развлекательный комплекс";"2386975245";"";"";
"ПОДВОДНЫЙ МИР - 8";"eab45c9b-382f-4b7f-96d1-566a1a740f0e";"Троицкий административный округ";"поселение Троицк";"ТЦ АКАДЕМИЧЕСКИЙ";"2388-77";"аттракцион зарегистрирован";"торгово-развлекательный комплекс";"2389677626";"";"";
"БАТУТ НАДУВНОЙ БС-179";"8e9336a7-e181-4b52-a6da-7d65633bfcf0";"Северо-Западный административный округ";"район Строгино";"ОК РУБЛЕВО АХУ ОАО РЖД";"2506-77";"аттракцион зарегистрирован";"торгово-развлекательный комплекс";"2608034406";"";"";
"МИНИ-ПОЕЗД";"93e7d258-7e8c-4a4d-bb72-b30021d2ce79";"Северо-Западный административный округ";"район Строгино";"ОК РУБЛЕВО АХУ ОАО РЖД";"2505-77";"аттракцион зарегистрирован";"торгово-развлекательный комплекс";"2608034397";"";"";
"МИНИ-ДЖЕТ";"db74c533-efd6-4866-8f31-3a52fe82ecca";"Северо-Западный административный округ";"район Строгино";"ОК РУБЛЕВО АХУ ОАО РЖД";"2504-77";"аттракцион зарегистрирован";"торгово-развлекательный комплекс";"2608034402";"";"";
"КАРТИНГ";"1feed964-21b4-4172-8f79-4ff141996b48";"Северо-Восточный административный округ";"район Северное Медведково";"X-TI КАРТИНГ";"2412-77";"аттракцион зарегистрирован";"торгово-развлекательный комплекс";"2387014164";"";"";
"ИНТЕРАКТИВНЫЙ СИМУЛЯТОР КОСМИЧЕСКОГО КОРАБЛЯ ИРМ-Т1/S";"c2cff552-3013-4300-a52f-20a61fd3660a";"Северо-Восточный административный округ";"Останкинский район";"МУЗЕЙ КОСМОНАВТИКИ";"2488-77";"аттракцион зарегистрирован";"торгово-развлекательный комплекс";"2592276885";"";"";
"СТЕРЕОЗАЛ «STAR TECHNOLOGY»";"b4f1d7c5-d812-46f6-aecd-df2c51a66e64";"Северо-Восточный административный округ";"Бабушкинский район";"ТРЦ «КЛЕН»";"2232-77";"аттракцион зарегистрирован";"торгово-развлекательный комплекс";"2386835265";"";"";
"АВТОБУС";"511514a4-41a3-42fc-ad16-db9f5d3dc252";"Северный административный округ";"Хорошёвский район";"ТЦ «АВИАПАРК»";"0266-77";"аттракцион зарегистрирован";"торгово-развлекательный комплекс";"2386772626";"";"";
"ПОЖАРНАЯ МАШИНА";"4bbec290-8ffe-41c5-a818-8affd9a5c0cc";"Северный административный округ";"Хорошёвский район";"ТЦ «АВИАПАРК»";"0263-77";"аттракцион зарегистрирован";"торгово-развлекательный комплекс";"2386772623";"";"";
"МАШИНА ИНКАССАЦИИ";"fa0821ef-fc36-4c07-8be4-69ebc184c4e7";"Северный административный округ";"Хорошёвский район";"ТЦ «АВИАПАРК»";"0265-77";"аттракцион зарегистрирован";"торгово-развлекательный комплекс";"2386772625";"";"";
"СКОРАЯ ПОМОЩЬ";"53532302-ced4-4006-95a9-c108d57822ed";"Северный административный округ";"Хорошёвский район";"ТЦ «АВИАПАРК»";"0264-77";"аттракцион зарегистрирован";"торгово-развлекательный комплекс";"2386772624";"";"";
"АВТОДРОМ";"d8a13418-9cad-43a3-bdd6-ab68a2ea3b75";"Северный административный округ";"Хорошёвский район";"ТЦ «АВИАПАРК»";"0267-77";"аттракцион зарегистрирован";"торгово-развлекательный комплекс";"2386772628";"";"";
"MERRY GO ROUND 4MT";"e98956df-4409-4264-b2dc-84ae013f0c39";"Северный административный округ";"Войковский район";"ТЦ «МЕТРОПОЛИС»";"0259-77";"аттракцион зарегистрирован";"торгово-развлекательный комплекс";"2386835252";"";"";
"НАДУВНОЙ БАТУТ ПАТРУЛЬ";"78e25693-3f21-45a3-9522-a0c005667b8a";"Новомосковский административный округ";"поселение Щербинка";"ТЦ «АКВАРЕЛЬ»";"2401-77";"аттракцион зарегистрирован";"торгово-развлекательный комплекс";"2387014153";"";"";
"НАДУВНАЯ ГОРКА (6Х6,5Х4/2М)";"9aa9e907-bf74-4fda-adab-769e38d79228";"Новомосковский административный округ";"поселение Московский";"ТРК «НОВОМОСКОВСКИЙ»";"2445-77";"аттракцион зарегистрирован";"торгово-развлекательный комплекс";"2509546347";"";"";
"КАРТИНГ «LIBERTY KARTING»";"a0db33ae-ea9b-40e2-8695-89d63a841dce";"Новомосковский административный округ";"поселение Московский";"ТРЦ САЛАРИС";"2503-77";"аттракцион зарегистрирован";"торгово-развлекательный комплекс";"2606660342";"";"";
"ДИНАМИЧЕСКАЯ ПЛАТФОРМА 3Д5";"8c2ff6b0-6e9b-4c2c-9b8e-2ffb126841c3";"Новомосковский административный округ";"поселение Московский";"ТРЦ САЛАРИС";"0209-77";"аттракцион зарегистрирован";"торгово-развлекательный комплекс";"1060204969";"";"";
"СТЕРЕОЗАЛ «STAR TECHNOLOGY»";"d0af8fa9-cfeb-48a3-b631-12fc21000f38";"Новомосковский административный округ";"поселение Московский";"ТРК «НОВОМОСКОВСКИЙ»";"2210-77";"аттракцион зарегистрирован";"торгово-развлекательный комплекс";"2386886324";"";"";
"ВОДНАЯ ГОРКА «АКВАТЮБ»";"2f620e2b-bfb4-44aa-a93c-3b022335f25b";"Западный административный округ";"район Раменки";"СПОРТИВНО-РАЗВЛЕКАТЕЛЬНЫЙ КОМПЛЕКС «ПРЕМЬЕР-СПОРТ»";"2377-77";"аттракцион зарегистрирован";"торгово-развлекательный комплекс";"2386975255";"";"";
"MIRAGE F3";"45ec93a9-e414-4c8d-a9d1-c27184571eb0";"Западный административный округ";"район Тропарёво-Никулино";"ТРЦ «ФЕСТИВАЛЬ»";"0220-77";"аттракцион зарегистрирован";"торгово-развлекательный комплекс";"2386772615";"";"";
"«BUFFALO»(MEDIUM)";"fef9f4d8-bad6-4017-8fb1-cb247f64a665";"Западный административный округ";"район Дорогомилово";"ТРЦ «ЕВРОПЕЙСКИЙ»";"0242-77";"регистрация аттракциона приостановлена";"торгово-развлекательный комплекс";"2386835250";"";"";
"BUMPER CARS";"45d949fe-e9ca-406c-943f-e4502306a82d";"Западный административный округ";"район Тропарёво-Никулино";"ТРЦ «ФЕСТИВАЛЬ»";"0221-77";"аттракцион зарегистрирован";"торгово-развлекательный комплекс";"2386835268";"";"";
"АИР ПАРК";"d021a2cf-bb72-4ca6-aa78-dbd283b1146e";"Западный административный округ";"район Очаково-Матвеевское";"ТРЦ «KVARTAL WEST»";"2411-77";"аттракцион зарегистрирован";"торгово-развлекательный комплекс";"2387014161";"";"";
"КОЛЕСО ОБОЗРЕНИЯ - МОДЕЛЬ ПК 522.02";"cc92a420-5fa7-4026-80eb-a8b16f64e3ac";"Восточный административный округ";"район Измайлово";"КУЛЬТУРНО-РАЗВЛЕКАТЕЛЬНЫЙ КОМПЛЕКС КРЕМЛЬ В ИЗМАЙЛОВО";"2440-77";"аттракцион зарегистрирован";"торгово-развлекательный комплекс";"2507495833";"";"";
"АТТРАКЦИОН «КАРТИНГ КЛУБ DIXXODROM»";"3153d9f3-578e-4105-8000-fcd31a2d20a3";"Восточный административный округ";"район Измайлово";"КАРТИНГ КЛУБ DIXXODROM";"2429-77";"регистрация аттракциона приостановлена";"торгово-развлекательный комплекс";"2392701310";"";"";
"ВОДНАЯ ГОРКА ДЕТСКАЯ";"387c18a4-e0e8-4bad-aedc-658f71269e12";"Восточный административный округ";"район Перово";"АКВАПАРК КАРИБИЯ";"2493-77";"аттракцион зарегистрирован";"торгово-развлекательный комплекс";"2601933966";"";"";
